Run,Center_ID,Group,BioProject,Method,library_strategy,library_source,instrument,LibraryLayout,total_reads,percent_aligned,coverage,breadth,sample_accession,experiment_desc,collection_date,isolation_source,Sufficient_cov
SRR11454606,Hubei_China,Hubei Provincial Center for Disease Control and Prevention,PRJNA616446,RNA-seq,RNA-Seq,TRANSCRIPTOMIC,Illumina MiniSeq,SINGLE,5668472,0.03,6.168745610808281,0.9655218539945823,SRS6404546,RNA-Seq of Homo sapiens: hCov-19 infected patients Throat swab,2020-02-08,Tianmen,False
SRR11454607,Hubei_China,Hubei Provincial Center for Disease Control and Prevention,PRJNA616446,RNA-seq,RNA-Seq,TRANSCRIPTOMIC,Illumina MiniSeq,SINGLE,4407436,0.25,40.258502491388825,0.9975587733672208,SRS6404545,RNA-Seq of Homo sapiens: hCov-19 infected patients Faeces,2020-02-07,Wuhan,False
SRR11454608,Hubei_China,Hubei Provincial Center for Disease Control and Prevention,PRJNA616446,RNA-seq,RNA-Seq,TRANSCRIPTOMIC,Illumina iSeq 100,SINGLE,2690410,3.2,364.8551650336088,0.9984282513460188,SRS6404544,RNA-Seq of Homo sapiens: hCov-19 infected patients Throat swab and cultured virus,2020-01-08,Jingzhou,True
SRR11454609,Hubei_China,Hubei Provincial Center for Disease Control and Prevention,PRJNA616446,RNA-seq,RNA-Seq,TRANSCRIPTOMIC,NextSeq 550,SINGLE,17121629,0.37,139.96669230511992,0.9987626659532488,SRS6404543,RNA-Seq of Homo sapiens: hCov-19 infected patients Throat swab,2020-01-17,Wuhan,True
SRR11454610,Hubei_China,Hubei Provincial Center for Disease Control and Prevention,PRJNA616446,RNA-seq,RNA-Seq,TRANSCRIPTOMIC,NextSeq 550,SINGLE,14337950,0.87,284.8499481657359,0.9987292244925259,SRS6404542,RNA-Seq of Homo sapiens: hCov-19 infected patients Throat swab,2020-01-18,Wuhan,True
SRR11454611,Hubei_China,Hubei Provincial Center for Disease Control and Prevention,PRJNA616446,RNA-seq,RNA-Seq,TRANSCRIPTOMIC,NextSeq 550,SINGLE,1405558,0.23,7.489348894759723,0.976557536033174,SRS6404540,RNA-Seq of Homo sapiens: hCov-19 infected patients Throat swab,2020-01-18,Wuhan,False
SRR11454612,Hubei_China,Hubei Provincial Center for Disease Control and Prevention,PRJNA616446,RNA-seq,RNA-Seq,TRANSCRIPTOMIC,Illumina MiSeq,SINGLE,3755251,0.05,5.010734708892085,0.9154265458315219,SRS6404539,RNA-Seq of Homo sapiens: hCov-19 infected patients Sputum,2019-12-30,Wuhan,False
SRR11454613,Hubei_China,Hubei Provincial Center for Disease Control and Prevention,PRJNA616446,RNA-seq,RNA-Seq,TRANSCRIPTOMIC,Illumina MiSeq,SINGLE,5418689,4.42,792.3051198876367,0.999933117078554,SRS6404541,RNA-Seq of Homo sapiens: hCov-19 infected patients Bronchial scraping,2019-12-30,Wuhan,True
SRR11454614,Hubei_China,Hubei Provincial Center for Disease Control and Prevention,PRJNA616446,RNA-seq,RNA-Seq,TRANSCRIPTOMIC,Illumina MiSeq,SINGLE,5758629,9.05,1727.8022940842056,0.99966558539277,SRS6404538,RNA-Seq of Homo sapiens: hCov-19 infected patients Bronchoalveolar lavage uid,2019-12-30,Wuhan,True
SRR11454615,Hubei_China,Hubei Provincial Center for Disease Control and Prevention,PRJNA616446,RNA-seq,RNA-Seq,TRANSCRIPTOMIC,Illumina MiSeq,SINGLE,5229309,0.64,109.79841487476172,0.9989967561783101,SRS6404537,RNA-Seq of Homo sapiens: hCov-19 infected patients Bronchoalveolar lavage uid,2019-12-30,Wuhan,True
SRR11412291,Icahn_NY,Icahn School of Medicine at Mount Sina,PRJNA615032,RNA-seq,RNA-Seq,TRANSCRIPTOMIC,NextSeq 500,SINGLE,1120763,0.0,,,SRS6374436,GSM4432397: 3_9_wt2_16; Homo sapiens; RNA-Seq,,,False
SRR11412292,Icahn_NY,Icahn School of Medicine at Mount Sina,PRJNA615032,RNA-seq,RNA-Seq,TRANSCRIPTOMIC,NextSeq 500,SINGLE,1101419,0.0,,,SRS6374436,GSM4432397: 3_9_wt2_16; Homo sapiens; RNA-Seq,,,False
SRR11412293,Icahn_NY,Icahn School of Medicine at Mount Sina,PRJNA615032,RNA-seq,RNA-Seq,TRANSCRIPTOMIC,NextSeq 500,SINGLE,1125546,0.0,,,SRS6374436,GSM4432397: 3_9_wt2_16; Homo sapiens; RNA-Seq,,,False
SRR11412294,Icahn_NY,Icahn School of Medicine at Mount Sina,PRJNA615032,RNA-seq,RNA-Seq,TRANSCRIPTOMIC,NextSeq 500,SINGLE,1116457,0.0,,,SRS6374436,GSM4432397: 3_9_wt2_16; Homo sapiens; RNA-Seq,,,False
SRR11412290,Icahn_NY,Icahn School of Medicine at Mount Sina,PRJNA615032,RNA-seq,RNA-Seq,TRANSCRIPTOMIC,NextSeq 500,SINGLE,3343287,0.0,,,SRS6374437,GSM4432396: 3_9_wt1_15; Homo sapiens; RNA-Seq,,,False
SRR11412289,Icahn_NY,Icahn School of Medicine at Mount Sina,PRJNA615032,RNA-seq,RNA-Seq,TRANSCRIPTOMIC,NextSeq 500,SINGLE,3378623,0.0,,,SRS6374437,GSM4432396: 3_9_wt1_15; Homo sapiens; RNA-Seq,,,False
SRR11412288,Icahn_NY,Icahn School of Medicine at Mount Sina,PRJNA615032,RNA-seq,RNA-Seq,TRANSCRIPTOMIC,NextSeq 500,SINGLE,3313587,0.0,,,SRS6374437,GSM4432396: 3_9_wt1_15; Homo sapiens; RNA-Seq,,,False
SRR11412287,Icahn_NY,Icahn School of Medicine at Mount Sina,PRJNA615032,RNA-seq,RNA-Seq,TRANSCRIPTOMIC,NextSeq 500,SINGLE,3382782,0.0,,,SRS6374437,GSM4432396: 3_9_wt1_15; Homo sapiens; RNA-Seq,,,False
SRR11412286,Icahn_NY,Icahn School of Medicine at Mount Sina,PRJNA615032,RNA-seq,RNA-Seq,TRANSCRIPTOMIC,NextSeq 500,SINGLE,2792070,0.0,,,SRS6374435,GSM4432395: 3_9_mock2_14; Homo sapiens; RNA-Seq,,,False
SRR11412285,Icahn_NY,Icahn School of Medicine at Mount Sina,PRJNA615032,RNA-seq,RNA-Seq,TRANSCRIPTOMIC,NextSeq 500,SINGLE,2817721,0.0,,,SRS6374435,GSM4432395: 3_9_mock2_14; Homo sapiens; RNA-Seq,,,False
SRR11412284,Icahn_NY,Icahn School of Medicine at Mount Sina,PRJNA615032,RNA-seq,RNA-Seq,TRANSCRIPTOMIC,NextSeq 500,SINGLE,2719499,0.0,,,SRS6374435,GSM4432395: 3_9_mock2_14; Homo sapiens; RNA-Seq,,,False
SRR11412283,Icahn_NY,Icahn School of Medicine at Mount Sina,PRJNA615032,RNA-seq,RNA-Seq,TRANSCRIPTOMIC,NextSeq 500,SINGLE,2773749,0.0,,,SRS6374435,GSM4432395: 3_9_mock2_14; Homo sapiens; RNA-Seq,,,False
SRR11412279,Icahn_NY,Icahn School of Medicine at Mount Sina,PRJNA615032,RNA-seq,RNA-Seq,TRANSCRIPTOMIC,NextSeq 500,SINGLE,1369515,0.0,,,SRS6374433,GSM4432394: 3_9_mock1_13; Homo sapiens; RNA-Seq,,,False
SRR11412280,Icahn_NY,Icahn School of Medicine at Mount Sina,PRJNA615032,RNA-seq,RNA-Seq,TRANSCRIPTOMIC,NextSeq 500,SINGLE,1350455,0.0,,,SRS6374433,GSM4432394: 3_9_mock1_13; Homo sapiens; RNA-Seq,,,False
SRR11412281,Icahn_NY,Icahn School of Medicine at Mount Sina,PRJNA615032,RNA-seq,RNA-Seq,TRANSCRIPTOMIC,NextSeq 500,SINGLE,1417013,0.0,,,SRS6374433,GSM4432394: 3_9_mock1_13; Homo sapiens; RNA-Seq,,,False
SRR11412282,Icahn_NY,Icahn School of Medicine at Mount Sina,PRJNA615032,RNA-seq,RNA-Seq,TRANSCRIPTOMIC,NextSeq 500,SINGLE,1405918,0.0,,,SRS6374433,GSM4432394: 3_9_mock1_13; Homo sapiens; RNA-Seq,,,False
SRR11412275,Icahn_NY,Icahn School of Medicine at Mount Sina,PRJNA615032,RNA-seq,RNA-Seq,TRANSCRIPTOMIC,NextSeq 500,SINGLE,1593564,0.0,0.003444470454469451,0.003444470454469451,SRS6374434,GSM4432393: svRNA184-RSV-1-indexF4; Homo sapiens; RNA-Seq,,,False
SRR11412276,Icahn_NY,Icahn School of Medicine at Mount Sina,PRJNA615032,RNA-seq,RNA-Seq,TRANSCRIPTOMIC,NextSeq 500,SINGLE,1574292,0.0,,,SRS6374434,GSM4432393: svRNA184-RSV-1-indexF4; Homo sapiens; RNA-Seq,,,False
SRR11412277,Icahn_NY,Icahn School of Medicine at Mount Sina,PRJNA615032,RNA-seq,RNA-Seq,TRANSCRIPTOMIC,NextSeq 500,SINGLE,1645151,0.0,,,SRS6374434,GSM4432393: svRNA184-RSV-1-indexF4; Homo sapiens; RNA-Seq,,,False
SRR11412278,Icahn_NY,Icahn School of Medicine at Mount Sina,PRJNA615032,RNA-seq,RNA-Seq,TRANSCRIPTOMIC,NextSeq 500,SINGLE,1607286,0.0,0.0022740193291642978,0.0022740193291642978,SRS6374434,GSM4432393: svRNA184-RSV-1-indexF4; Homo sapiens; RNA-Seq,,,False
SRR11412274,Icahn_NY,Icahn School of Medicine at Mount Sina,PRJNA615032,RNA-seq,RNA-Seq,TRANSCRIPTOMIC,NextSeq 500,SINGLE,2812164,0.0,,,SRS6374432,GSM4432392: svRNA184-RSV-3-indexH9; Homo sapiens; RNA-Seq,,,False
SRR11412273,Icahn_NY,Icahn School of Medicine at Mount Sina,PRJNA615032,RNA-seq,RNA-Seq,TRANSCRIPTOMIC,NextSeq 500,SINGLE,2858380,0.0,,,SRS6374432,GSM4432392: svRNA184-RSV-3-indexH9; Homo sapiens; RNA-Seq,,,False
SRR11412272,Icahn_NY,Icahn School of Medicine at Mount Sina,PRJNA615032,RNA-seq,RNA-Seq,TRANSCRIPTOMIC,NextSeq 500,SINGLE,2766068,0.0,,,SRS6374432,GSM4432392: svRNA184-RSV-3-indexH9; Homo sapiens; RNA-Seq,,,False
SRR11412271,Icahn_NY,Icahn School of Medicine at Mount Sina,PRJNA615032,RNA-seq,RNA-Seq,TRANSCRIPTOMIC,NextSeq 500,SINGLE,2794272,0.0,,,SRS6374432,GSM4432392: svRNA184-RSV-3-indexH9; Homo sapiens; RNA-Seq,,,False
SRR11412270,Icahn_NY,Icahn School of Medicine at Mount Sina,PRJNA615032,RNA-seq,RNA-Seq,TRANSCRIPTOMIC,NextSeq 500,SINGLE,6578304,0.0,0.015282747550413003,0.015282747550413003,SRS6374431,GSM4432391: svRNA184-mock-1-indexF1; Homo sapiens; RNA-Seq,,,False
SRR11412269,Icahn_NY,Icahn School of Medicine at Mount Sina,PRJNA615032,RNA-seq,RNA-Seq,TRANSCRIPTOMIC,NextSeq 500,SINGLE,6706893,0.0,0.02197103969501388,0.02197103969501388,SRS6374431,GSM4432391: svRNA184-mock-1-indexF1; Homo sapiens; RNA-Seq,,,False
SRR11412268,Icahn_NY,Icahn School of Medicine at Mount Sina,PRJNA615032,RNA-seq,RNA-Seq,TRANSCRIPTOMIC,NextSeq 500,SINGLE,6404966,0.0,0.015115540246797982,0.012038925860281578,SRS6374431,GSM4432391: svRNA184-mock-1-indexF1; Homo sapiens; RNA-Seq,,,False
SRR11412267,Icahn_NY,Icahn School of Medicine at Mount Sina,PRJNA615032,RNA-seq,RNA-Seq,TRANSCRIPTOMIC,NextSeq 500,SINGLE,6466077,0.0,0.008193157877136073,0.008193157877136073,SRS6374431,GSM4432391: svRNA184-mock-1-indexF1; Homo sapiens; RNA-Seq,,,False
SRR11412266,Icahn_NY,Icahn School of Medicine at Mount Sina,PRJNA615032,RNA-seq,RNA-Seq,TRANSCRIPTOMIC,NextSeq 500,SINGLE,8048208,0.0,,,SRS6374428,GSM4432390: svRNA184-mock-3-indexF3; Homo sapiens; RNA-Seq,,,False
SRR11412265,Icahn_NY,Icahn School of Medicine at Mount Sina,PRJNA615032,RNA-seq,RNA-Seq,TRANSCRIPTOMIC,NextSeq 500,SINGLE,8218890,0.0,,,SRS6374428,GSM4432390: svRNA184-mock-3-indexF3; Homo sapiens; RNA-Seq,,,False
SRR11412264,Icahn_NY,Icahn School of Medicine at Mount Sina,PRJNA615032,RNA-seq,RNA-Seq,TRANSCRIPTOMIC,NextSeq 500,SINGLE,7855458,0.0,,,SRS6374428,GSM4432390: svRNA184-mock-3-indexF3; Homo sapiens; RNA-Seq,,,False
SRR11412263,Icahn_NY,Icahn School of Medicine at Mount Sina,PRJNA615032,RNA-seq,RNA-Seq,TRANSCRIPTOMIC,NextSeq 500,SINGLE,7955076,0.0,,,SRS6374428,GSM4432390: svRNA184-mock-3-indexF3; Homo sapiens; RNA-Seq,,,False
SRR11412262,Icahn_NY,Icahn School of Medicine at Mount Sina,PRJNA615032,RNA-seq,RNA-Seq,TRANSCRIPTOMIC,NextSeq 500,SINGLE,5205586,0.03,7.136942781660702,0.4060462160987192,SRS6374429,GSM4432389: CoV002-CoV2-1-indexG4; Homo sapiens; RNA-Seq,,,False
SRR11412261,Icahn_NY,Icahn School of Medicine at Mount Sina,PRJNA615032,RNA-seq,RNA-Seq,TRANSCRIPTOMIC,NextSeq 500,SINGLE,5308159,0.03,7.583954787145102,0.4073504330669164,SRS6374429,GSM4432389: CoV002-CoV2-1-indexG4; Homo sapiens; RNA-Seq,,,False
SRR11412260,Icahn_NY,Icahn School of Medicine at Mount Sina,PRJNA615032,RNA-seq,RNA-Seq,TRANSCRIPTOMIC,NextSeq 500,SINGLE,5024859,0.03,6.970638397485202,0.3843761495502124,SRS6374429,GSM4432389: CoV002-CoV2-1-indexG4; Homo sapiens; RNA-Seq,,,False
SRR11412259,Icahn_NY,Icahn School of Medicine at Mount Sina,PRJNA615032,RNA-seq,RNA-Seq,TRANSCRIPTOMIC,NextSeq 500,SINGLE,5064549,0.03,6.783934722268668,0.3520048155703441,SRS6374429,GSM4432389: CoV002-CoV2-1-indexG4; Homo sapiens; RNA-Seq,,,False
SRR11412258,Icahn_NY,Icahn School of Medicine at Mount Sina,PRJNA615032,RNA-seq,RNA-Seq,TRANSCRIPTOMIC,NextSeq 500,SINGLE,7454205,0.03,8.71226967193927,0.4472795371701836,SRS6374427,GSM4432388: CoV002-CoV2-2-indexG5; Homo sapiens; RNA-Seq,,,False
SRR11412257,Icahn_NY,Icahn School of Medicine at Mount Sina,PRJNA615032,RNA-seq,RNA-Seq,TRANSCRIPTOMIC,NextSeq 500,SINGLE,7609747,0.03,8.829515433234123,0.4457077885162024,SRS6374427,GSM4432388: CoV002-CoV2-2-indexG5; Homo sapiens; RNA-Seq,,,False
SRR11412256,Icahn_NY,Icahn School of Medicine at Mount Sina,PRJNA615032,RNA-seq,RNA-Seq,TRANSCRIPTOMIC,NextSeq 500,SINGLE,7275612,0.03,8.343477243085978,0.4403905962612447,SRS6374427,GSM4432388: CoV002-CoV2-2-indexG5; Homo sapiens; RNA-Seq,,,False
SRR11412255,Icahn_NY,Icahn School of Medicine at Mount Sina,PRJNA615032,RNA-seq,RNA-Seq,TRANSCRIPTOMIC,NextSeq 500,SINGLE,7341500,0.03,8.260341771728589,0.4335685382737518,SRS6374427,GSM4432388: CoV002-CoV2-2-indexG5; Homo sapiens; RNA-Seq,,,False
SRR11412254,Icahn_NY,Icahn School of Medicine at Mount Sina,PRJNA615032,RNA-seq,RNA-Seq,TRANSCRIPTOMIC,NextSeq 500,SINGLE,8596200,0.03,12.762064006955823,0.5163027121024646,SRS6374430,GSM4432387: CoV002-CoV2-3-indexG6; Homo sapiens; RNA-Seq,,,False
SRR11412251,Icahn_NY,Icahn School of Medicine at Mount Sina,PRJNA615032,RNA-seq,RNA-Seq,TRANSCRIPTOMIC,NextSeq 500,SINGLE,8420359,0.03,12.510617663779554,0.4805203491288499,SRS6374430,GSM4432387: CoV002-CoV2-3-indexG6; Homo sapiens; RNA-Seq,,,False
SRR11412253,Icahn_NY,Icahn School of Medicine at Mount Sina,PRJNA615032,RNA-seq,RNA-Seq,TRANSCRIPTOMIC,NextSeq 500,SINGLE,8751881,0.03,13.371166772564626,0.4934287529679297,SRS6374430,GSM4432387: CoV002-CoV2-3-indexG6; Homo sapiens; RNA-Seq,,,False
SRR11412252,Icahn_NY,Icahn School of Medicine at Mount Sina,PRJNA615032,RNA-seq,RNA-Seq,TRANSCRIPTOMIC,NextSeq 500,SINGLE,8372617,0.03,12.415008527572484,0.549811055746915,SRS6374430,GSM4432387: CoV002-CoV2-3-indexG6; Homo sapiens; RNA-Seq,,,False
SRR11412250,Icahn_NY,Icahn School of Medicine at Mount Sina,PRJNA615032,RNA-seq,RNA-Seq,TRANSCRIPTOMIC,NextSeq 500,SINGLE,2945461,0.0,,,SRS6374426,GSM4432386: CoV002-mock1-indexG1; Homo sapiens; RNA-Seq,,,False
SRR11412249,Icahn_NY,Icahn School of Medicine at Mount Sina,PRJNA615032,RNA-seq,RNA-Seq,TRANSCRIPTOMIC,NextSeq 500,SINGLE,2995430,0.0,,,SRS6374426,GSM4432386: CoV002-mock1-indexG1; Homo sapiens; RNA-Seq,,,False
SRR11412248,Icahn_NY,Icahn School of Medicine at Mount Sina,PRJNA615032,RNA-seq,RNA-Seq,TRANSCRIPTOMIC,NextSeq 500,SINGLE,2862323,0.0,0.0035782362973614686,0.0035782362973614686,SRS6374426,GSM4432386: CoV002-mock1-indexG1; Homo sapiens; RNA-Seq,,,False
SRR11412247,Icahn_NY,Icahn School of Medicine at Mount Sina,PRJNA615032,RNA-seq,RNA-Seq,TRANSCRIPTOMIC,NextSeq 500,SINGLE,2880493,0.0,0.004213624051098553,0.004213624051098553,SRS6374426,GSM4432386: CoV002-mock1-indexG1; Homo sapiens; RNA-Seq,,,False
SRR11412243,Icahn_NY,Icahn School of Medicine at Mount Sina,PRJNA615032,RNA-seq,RNA-Seq,TRANSCRIPTOMIC,NextSeq 500,SINGLE,3628678,0.0,,,SRS6374425,GSM4432385: CoV002-mock2-indexG2; Homo sapiens; RNA-Seq,,,False
SRR11412244,Icahn_NY,Icahn School of Medicine at Mount Sina,PRJNA615032,RNA-seq,RNA-Seq,TRANSCRIPTOMIC,NextSeq 500,SINGLE,3612583,0.0,,,SRS6374425,GSM4432385: CoV002-mock2-indexG2; Homo sapiens; RNA-Seq,,,False
SRR11412245,Icahn_NY,Icahn School of Medicine at Mount Sina,PRJNA615032,RNA-seq,RNA-Seq,TRANSCRIPTOMIC,NextSeq 500,SINGLE,3781064,0.0,,,SRS6374425,GSM4432385: CoV002-mock2-indexG2; Homo sapiens; RNA-Seq,,,False
SRR11412246,Icahn_NY,Icahn School of Medicine at Mount Sina,PRJNA615032,RNA-seq,RNA-Seq,TRANSCRIPTOMIC,NextSeq 500,SINGLE,3722519,0.0,,,SRS6374425,GSM4432385: CoV002-mock2-indexG2; Homo sapiens; RNA-Seq,,,False
SRR11412242,Icahn_NY,Icahn School of Medicine at Mount Sina,PRJNA615032,RNA-seq,RNA-Seq,TRANSCRIPTOMIC,NextSeq 500,SINGLE,6826811,0.0,,,SRS6374424,GSM4432384: CoV002-mock3-indexG3; Homo sapiens; RNA-Seq,,,False
SRR11412241,Icahn_NY,Icahn School of Medicine at Mount Sina,PRJNA615032,RNA-seq,RNA-Seq,TRANSCRIPTOMIC,NextSeq 500,SINGLE,6933877,0.0,,,SRS6374424,GSM4432384: CoV002-mock3-indexG3; Homo sapiens; RNA-Seq,,,False
SRR11412240,Icahn_NY,Icahn School of Medicine at Mount Sina,PRJNA615032,RNA-seq,RNA-Seq,TRANSCRIPTOMIC,NextSeq 500,SINGLE,6606107,0.0,,,SRS6374424,GSM4432384: CoV002-mock3-indexG3; Homo sapiens; RNA-Seq,,,False
SRR11412239,Icahn_NY,Icahn School of Medicine at Mount Sina,PRJNA615032,RNA-seq,RNA-Seq,TRANSCRIPTOMIC,NextSeq 500,SINGLE,6647150,0.0,,,SRS6374424,GSM4432384: CoV002-mock3-indexG3; Homo sapiens; RNA-Seq,,,False
SRR11412238,Icahn_NY,Icahn School of Medicine at Mount Sina,PRJNA615032,RNA-seq,RNA-Seq,TRANSCRIPTOMIC,NextSeq 500,SINGLE,10993147,0.1,48.18804133364545,0.4975754940975822,SRS6374423,GSM4432383: SARS004_CoV2_1; Homo sapiens; RNA-Seq,,,False
SRR11412237,Icahn_NY,Icahn School of Medicine at Mount Sina,PRJNA615032,RNA-seq,RNA-Seq,TRANSCRIPTOMIC,NextSeq 500,SINGLE,11177796,0.1,48.597231047052134,0.5412834832625489,SRS6374423,GSM4432383: SARS004_CoV2_1; Homo sapiens; RNA-Seq,,,False
SRR11412236,Icahn_NY,Icahn School of Medicine at Mount Sina,PRJNA615032,RNA-seq,RNA-Seq,TRANSCRIPTOMIC,NextSeq 500,SINGLE,10939834,0.1,46.6854161789787,0.5057352105139953,SRS6374423,GSM4432383: SARS004_CoV2_1; Homo sapiens; RNA-Seq,,,False
SRR11412235,Icahn_NY,Icahn School of Medicine at Mount Sina,PRJNA615032,RNA-seq,RNA-Seq,TRANSCRIPTOMIC,NextSeq 500,SINGLE,11099958,0.1,46.19402735511487,0.5242617797545397,SRS6374423,GSM4432383: SARS004_CoV2_1; Homo sapiens; RNA-Seq,,,False
SRR11412231,Icahn_NY,Icahn School of Medicine at Mount Sina,PRJNA615032,RNA-seq,RNA-Seq,TRANSCRIPTOMIC,NextSeq 500,SINGLE,3799735,0.08,13.050530047152462,0.36039862221181823,SRS6374422,GSM4432382: SARS004_CoV2_2; Homo sapiens; RNA-Seq,,,False
SRR11412232,Icahn_NY,Icahn School of Medicine at Mount Sina,PRJNA615032,RNA-seq,RNA-Seq,TRANSCRIPTOMIC,NextSeq 500,SINGLE,3745371,0.08,13.03905962612447,0.3629067317660435,SRS6374422,GSM4432382: SARS004_CoV2_2; Homo sapiens; RNA-Seq,,,False
SRR11412233,Icahn_NY,Icahn School of Medicine at Mount Sina,PRJNA615032,RNA-seq,RNA-Seq,TRANSCRIPTOMIC,NextSeq 500,SINGLE,3814880,0.08,13.74587833996589,0.39029528809818415,SRS6374422,GSM4432382: SARS004_CoV2_2; Homo sapiens; RNA-Seq,,,False
SRR11412234,Icahn_NY,Icahn School of Medicine at Mount Sina,PRJNA615032,RNA-seq,RNA-Seq,TRANSCRIPTOMIC,NextSeq 500,SINGLE,3748104,0.09,13.787713607330367,0.3841755007858743,SRS6374422,GSM4432382: SARS004_CoV2_2; Homo sapiens; RNA-Seq,,,False
SRR11412227,Icahn_NY,Icahn School of Medicine at Mount Sina,PRJNA615032,RNA-seq,RNA-Seq,TRANSCRIPTOMIC,NextSeq 500,SINGLE,3774499,0.1,16.137845701100225,0.43841755007858746,SRS6374421,GSM4432381: SARS004_CoV2_3; Homo sapiens; RNA-Seq,,,False
SRR11412228,Icahn_NY,Icahn School of Medicine at Mount Sina,PRJNA615032,RNA-seq,RNA-Seq,TRANSCRIPTOMIC,NextSeq 500,SINGLE,3718540,0.1,15.640771828913484,0.4342039260274889,SRS6374421,GSM4432381: SARS004_CoV2_3; Homo sapiens; RNA-Seq,,,False
SRR11412229,Icahn_NY,Icahn School of Medicine at Mount Sina,PRJNA615032,RNA-seq,RNA-Seq,TRANSCRIPTOMIC,NextSeq 500,SINGLE,3803175,0.1,16.320502959569275,0.4492525833528409,SRS6374421,GSM4432381: SARS004_CoV2_3; Homo sapiens; RNA-Seq,,,False
SRR11412230,Icahn_NY,Icahn School of Medicine at Mount Sina,PRJNA615032,RNA-seq,RNA-Seq,TRANSCRIPTOMIC,NextSeq 500,SINGLE,3735882,0.1,16.224893823362205,0.4548707487543056,SRS6374421,GSM4432381: SARS004_CoV2_3; Homo sapiens; RNA-Seq,,,False
SRR11412226,Icahn_NY,Icahn School of Medicine at Mount Sina,PRJNA615032,RNA-seq,RNA-Seq,TRANSCRIPTOMIC,NextSeq 500,SINGLE,6032851,0.0,0.30107347088920844,0.11711199545196135,SRS6374420,GSM4432380: SARS004_mock_1; Homo sapiens; RNA-Seq,,,False
SRR11412223,Icahn_NY,Icahn School of Medicine at Mount Sina,PRJNA615032,RNA-seq,RNA-Seq,TRANSCRIPTOMIC,NextSeq 500,SINGLE,6111163,0.0,0.2726482292746547,0.10738053038156707,SRS6374420,GSM4432380: SARS004_mock_1; Homo sapiens; RNA-Seq,,,False
SRR11412225,Icahn_NY,Icahn School of Medicine at Mount Sina,PRJNA615032,RNA-seq,RNA-Seq,TRANSCRIPTOMIC,NextSeq 500,SINGLE,6122892,0.0,0.2285723840417349,0.0878172758586095,SRS6374420,GSM4432380: SARS004_mock_1; Homo sapiens; RNA-Seq,,,False
SRR11412224,Icahn_NY,Icahn School of Medicine at Mount Sina,PRJNA615032,RNA-seq,RNA-Seq,TRANSCRIPTOMIC,NextSeq 500,SINGLE,6020043,0.0,0.44711232986656857,0.1474099588670033,SRS6374420,GSM4432380: SARS004_mock_1; Homo sapiens; RNA-Seq,,,False
SRR11412222,Icahn_NY,Icahn School of Medicine at Mount Sina,PRJNA615032,RNA-seq,RNA-Seq,TRANSCRIPTOMIC,NextSeq 500,SINGLE,4032103,0.0,0.06805337257131391,0.047119018158713166,SRS6374464,GSM4432379: SARS004_mock_2; Homo sapiens; RNA-Seq,,,False
SRR11412221,Icahn_NY,Icahn School of Medicine at Mount Sina,PRJNA615032,RNA-seq,RNA-Seq,TRANSCRIPTOMIC,NextSeq 500,SINGLE,4144278,0.0,0.1008260040798582,0.051065110524027686,SRS6374464,GSM4432379: SARS004_mock_2; Homo sapiens; RNA-Seq,,,False
SRR11412220,Icahn_NY,Icahn School of Medicine at Mount Sina,PRJNA615032,RNA-seq,RNA-Seq,TRANSCRIPTOMIC,NextSeq 500,SINGLE,4027775,0.0,0.08651305889041233,0.041835267364478484,SRS6374464,GSM4432379: SARS004_mock_2; Homo sapiens; RNA-Seq,,,False
SRR11412219,Icahn_NY,Icahn School of Medicine at Mount Sina,PRJNA615032,RNA-seq,RNA-Seq,TRANSCRIPTOMIC,NextSeq 500,SINGLE,4106965,0.0,0.0847072200113701,0.03822358960639402,SRS6374464,GSM4432379: SARS004_mock_2; Homo sapiens; RNA-Seq,,,False
SRR11412218,Icahn_NY,Icahn School of Medicine at Mount Sina,PRJNA615032,RNA-seq,RNA-Seq,TRANSCRIPTOMIC,NextSeq 500,SINGLE,4245291,0.0,0.2007156472594723,0.07801892786676921,SRS6374419,GSM4432378: SARS004_mock_3; Homo sapiens; RNA-Seq,,,False
SRR11412217,Icahn_NY,Icahn School of Medicine at Mount Sina,PRJNA615032,RNA-seq,RNA-Seq,TRANSCRIPTOMIC,NextSeq 500,SINGLE,4322242,0.0,0.1328629234524964,0.07340400628699463,SRS6374419,GSM4432378: SARS004_mock_3; Homo sapiens; RNA-Seq,,,False
SRR11412216,Icahn_NY,Icahn School of Medicine at Mount Sina,PRJNA615032,RNA-seq,RNA-Seq,TRANSCRIPTOMIC,NextSeq 500,SINGLE,4175640,0.0,0.17185566665551952,0.07755074741664716,SRS6374419,GSM4432378: SARS004_mock_3; Homo sapiens; RNA-Seq,,,False
SRR11412215,Icahn_NY,Icahn School of Medicine at Mount Sina,PRJNA615032,RNA-seq,RNA-Seq,TRANSCRIPTOMIC,NextSeq 500,SINGLE,4260400,0.0,0.10443768183794268,0.06624753369227168,SRS6374419,GSM4432378: SARS004_mock_3; Homo sapiens; RNA-Seq,,,False
SRR11410528,PublicHealth_UT,Utah Public Health Laboratory,PRJNA614995,PCR_ARTIC v1,AMPLICON,VIRAL RNA,Illumina MiSeq,PAIRED,209865,99.36,1721.1749991639635,0.9941477443734742,SRS6372782,PCR Tiled Amplification of SARS-CoV-2,2020-03,human,True
SRR11410529,PublicHealth_UT,Utah Public Health Laboratory,PRJNA614995,PCR_ARTIC v1,AMPLICON,VIRAL RNA,Illumina MiSeq,PAIRED,303783,99.05,2443.615456643146,0.992609437180216,SRS6372782,PCR Tiled Amplification of SARS-CoV-2,2020-03,human,True
SRR11410532,PublicHealth_UT,Utah Public Health Laboratory,PRJNA614995,PCR_ARTIC v1,AMPLICON,VIRAL RNA,Illumina MiSeq,PAIRED,224085,97.64,1696.7105307159811,0.9881617229040563,SRS6372781,PCR Tiled Amplification of SARS-CoV-2,2020-03,human,True
SRR11410533,PublicHealth_UT,Utah Public Health Laboratory,PRJNA614995,PCR_ARTIC v1,AMPLICON,VIRAL RNA,Illumina MiSeq,PAIRED,262263,99.08,2047.932648898104,0.9984282513460188,SRS6372781,PCR Tiled Amplification of SARS-CoV-2,2020-03,human,True
SRR11410536,PublicHealth_UT,Utah Public Health Laboratory,PRJNA614995,PCR_ARTIC v1,AMPLICON,VIRAL RNA,Illumina MiSeq,PAIRED,569915,99.11,5457.551550011704,0.998929873256864,SRS6372780,PCR Tiled Amplification of SARS-CoV-2,2020-03,human,True
SRR11410538,PublicHealth_UT,Utah Public Health Laboratory,PRJNA614995,PCR_ARTIC v1,AMPLICON,VIRAL RNA,Illumina MiSeq,PAIRED,320776,98.56,2676.390663144166,0.9891649667257466,SRS6372779,PCR Tiled Amplification of SARS-CoV-2,2020-03,human,True
SRR11410540,PublicHealth_UT,Utah Public Health Laboratory,PRJNA614995,PCR_ARTIC v1,AMPLICON,VIRAL RNA,Illumina MiSeq,PAIRED,368381,98.18,3037.3612012172694,0.9961876734775776,SRS6372778,PCR Tiled Amplification of SARS-CoV-2,2020-03,human,True
SRR11410541,PublicHealth_UT,Utah Public Health Laboratory,PRJNA614995,PCR_ARTIC v1,AMPLICON,VIRAL RNA,Illumina MiSeq,PAIRED,219936,94.12,1607.272347256128,0.839882286058255,SRS6372777,PCR Tiled Amplification of SARS-CoV-2,2020-03,human,False
SRR11410542,PublicHealth_UT,Utah Public Health Laboratory,PRJNA614995,PCR_ARTIC v1,AMPLICON,VIRAL RNA,Illumina MiSeq,PAIRED,250447,99.3,1976.6104738654983,0.9838477744707887,SRS6372777,PCR Tiled Amplification of SARS-CoV-2,2020-03,human,True
SRR11409417,UMIGS_MA,University of Maryland Institute for Genome Sciences (UMIGS),PRJNA231221,Mixed,Targeted-Capture,VIRAL RNA,Illumina MiSeq,PAIRED,19667227,44.1,36890.558405511154,0.9997659097749392,SRS6357438,Other Sequencing of Severe acute respiratory syndrome coronavirus 2,2020-01-19,oropharyngeal swab,True
SRR11397714,Doherty_Melbourne,The Peter Doherty Institute for Infection and Immunity,PRJNA613958,PCR_ARTIC v1,AMPLICON,VIRAL RNA,NextSeq 550,PAIRED,258336,99.8,1969.8202187071527,0.9897669130187606,SRS6361195,"Severe acute respiratory syndrome coronavirus 2, GISAID ID: EPI_ISL_416517",2020-03-16,unknown,True
SRR11397715,Doherty_Melbourne,The Peter Doherty Institute for Infection and Immunity,PRJNA613958,PCR_ARTIC v1,AMPLICON,VIRAL RNA,NextSeq 550,PAIRED,327753,99.8,2540.265826171287,0.992743203023108,SRS6361194,"Severe acute respiratory syndrome coronavirus 2, GISAID ID: EPI_ISL_416516",2020-03-16,unknown,True
SRR11397716,Doherty_Melbourne,The Peter Doherty Institute for Infection and Immunity,PRJNA613958,PCR_ARTIC v1,AMPLICON,VIRAL RNA,NextSeq 550,PAIRED,276542,99.78,2128.9560244791487,0.9901013276259908,SRS6361193,"Severe acute respiratory syndrome coronavirus 2, GISAID ID: EPI_ISL_416515",2020-03-15,unknown,True
SRR11397717,Doherty_Melbourne,The Peter Doherty Institute for Infection and Immunity,PRJNA613958,PCR_ARTIC v1,AMPLICON,VIRAL RNA,Illumina iSeq 100,PAIRED,302254,99.83,2342.9848510182924,0.9977594221315588,SRS6361192,"Severe acute respiratory syndrome coronavirus 2, GISAID ID: EPI_ISL_416514",2020-03-15,unknown,True
SRR11397718,Doherty_Melbourne,The Peter Doherty Institute for Infection and Immunity,PRJNA613958,PCR_ARTIC v1,AMPLICON,VIRAL RNA,Illumina iSeq 100,PAIRED,388493,99.77,2862.6616727418655,0.9975253319064976,SRS6361191,"Severe acute respiratory syndrome coronavirus 2, GISAID ID: EPI_ISL_416415",2020-02-08,unknown,True
SRR11397719,Doherty_Melbourne,The Peter Doherty Institute for Infection and Immunity,PRJNA613958,PCR_ARTIC v1,AMPLICON,VIRAL RNA,Illumina iSeq 100,PAIRED,497205,99.86,3531.3989900678857,0.9809718088486103,SRS6361190,"Severe acute respiratory syndrome coronavirus 2, GISAID ID: EPI_ISL_416414",2020-03-06,unknown,True
SRR11397720,Doherty_Melbourne,The Peter Doherty Institute for Infection and Immunity,PRJNA613958,PCR_ARTIC v1,AMPLICON,VIRAL RNA,Illumina iSeq 100,PAIRED,286433,99.78,2031.5570344112632,0.9960539076346856,SRS6361189,"Severe acute respiratory syndrome coronavirus 2, GISAID ID: EPI_ISL_416413",2020-03-05,unknown,True
SRR11397721,Doherty_Melbourne,The Peter Doherty Institute for Infection and Immunity,PRJNA613958,PCR_ARTIC v1,AMPLICON,VIRAL RNA,Illumina iSeq 100,PAIRED,438663,99.84,3199.648363040497,0.9980938367387888,SRS6361188,"Severe acute respiratory syndrome coronavirus 2, GISAID ID: EPI_ISL_416412",2020-03-02,unknown,True
SRR11397728,Doherty_Melbourne,The Peter Doherty Institute for Infection and Immunity,PRJNA613958,PCR_ARTIC v1,AMPLICON,VIRAL RNA,NextSeq 550,PAIRED,302744,99.77,2282.527238069759,0.9799351235661974,SRS6361186,"Severe acute respiratory syndrome coronavirus 2, GISAID ID: EPI_ISL_416518",2020-03-16,unknown,True
SRR11397729,Doherty_Melbourne,The Peter Doherty Institute for Infection and Immunity,PRJNA613958,PCR_ARTIC v1,AMPLICON,VIRAL RNA,Illumina iSeq 100,PAIRED,380092,99.82,2769.725913787913,0.9977259806708356,SRS6361187,"Severe acute respiratory syndrome coronavirus 2, GISAID ID: EPI_ISL_416411",2020-01-25,unknown,True
SRR11397730,Doherty_Melbourne,The Peter Doherty Institute for Infection and Immunity,PRJNA613958,PCR_ARTIC v1,AMPLICON,VIRAL RNA,Illumina iSeq 100,PAIRED,621613,99.76,4433.393906965855,0.9898672374009296,SRS6361185,"Severe acute respiratory syndrome coronavirus 2, GISAID ID: EPI_ISL_416410",2020-01-24,unknown,True
SRR11397408,Paragon_CA,Paragon Genomics,PRJNA614546,Mixed,AMPLICON,VIRAL RNA,Illumina iSeq 100,PAIRED,565052,0.0,0.06022807076213089,0.015249306089689997,SRS6360918,Sample 10,Mar-2020,Plasmid,False
SRR11397409,Paragon_CA,Paragon Genomics,PRJNA614546,Mixed,AMPLICON,VIRAL RNA,Illumina iSeq 100,PAIRED,613188,0.0,0.0756111426947129,0.02417817610273217,SRS6360917,Sample 9,Mar-2020,Plasmid,False
SRR11397410,Paragon_CA,Paragon Genomics,PRJNA614546,Mixed,AMPLICON,VIRAL RNA,Illumina iSeq 100,PAIRED,517641,0.0,0.137477845032271,0.023442463966826067,SRS6360916,Sample 8,Mar-2020,Plasmid,False
SRR11397411,Paragon_CA,Paragon Genomics,PRJNA614546,Mixed,AMPLICON,VIRAL RNA,Illumina iSeq 100,PAIRED,457181,6.96,193.34361100892886,0.12413470220379225,SRS6360915,Sample 7,Mar-2020,Plasmid,False
SRR11397412,Paragon_CA,Paragon Genomics,PRJNA614546,Mixed,AMPLICON,VIRAL RNA,Illumina iSeq 100,PAIRED,977584,60.83,4682.906698324583,0.1433635421195198,SRS6360914,Sample 6,Mar-2020,Plasmid,False
SRR11397413,Paragon_CA,Paragon Genomics,PRJNA614546,Mixed,AMPLICON,VIRAL RNA,Illumina iSeq 100,PAIRED,144240,71.67,861.6976557536032,0.12724475805103164,SRS6360913,Sample 5,Mar-2020,Plasmid,False
SRR11397414,Paragon_CA,Paragon Genomics,PRJNA614546,Mixed,AMPLICON,VIRAL RNA,Illumina iSeq 100,PAIRED,900360,92.28,6187.073002708758,0.15145637561448685,SRS6360912,Sample 4,Mar-2020,Plasmid,False
SRR11397415,Paragon_CA,Paragon Genomics,PRJNA614546,Mixed,AMPLICON,VIRAL RNA,Illumina iSeq 100,PAIRED,18392,28.47,44.79283015082099,0.13991907166505033,SRS6360911,Sample 3,Mar-2020,Plasmid,False
SRR11397416,Paragon_CA,Paragon Genomics,PRJNA614546,Mixed,AMPLICON,VIRAL RNA,Illumina iSeq 100,PAIRED,222876,94.94,1710.633113734408,0.1434973079624118,SRS6360910,Sample 2,Mar-2020,Plasmid,False
SRR11397417,Paragon_CA,Paragon Genomics,PRJNA614546,Mixed,AMPLICON,VIRAL RNA,Illumina iSeq 100,PAIRED,193681,91.32,1430.961241347022,0.1541651339330502,SRS6360909,Sample 1,Mar-2020,Plasmid,False
SRR11393704,UMIGS_MA,University of Maryland Institute for Genome Sciences (UMIGS),PRJNA231221,Mixed,WGS,VIRAL RNA,Illumina MiSeq,PAIRED,7163692,45.53,30227.07296926729,0.9998327926963848,SRS6357438,Other Sequencing of Severe acute respiratory syndrome coronavirus 2,2020-01-19,oropharyngeal swab,True
SRR11314339,Scripps_CA,The Scripps Research Institute,PRJNA612578,PCR_ARTIC_unk,RNA-Seq,VIRAL RNA,Illumina MiSeq,PAIRED,516284,61.1,1795.6437146774572,0.9983279269638498,SRS6325118,RNA-seq of COVID-19 positive human  from San Diego county,2020-03-11,missing,True
SRR11278164,UW_WA,UNIVERSITY OF WASHINGTON,PRJNA610428,RNA-seq,RNA-Seq,VIRAL RNA,NextSeq 500,SINGLE,3801124,98.33,8791.246095709459,1.0,SRS6294250,RNA-Seq of Severe acute respiratory syndrome coronavirus 2,2020,missing,True
SRR11278165,UW_WA,UNIVERSITY OF WASHINGTON,PRJNA610428,RNA-seq,RNA-Seq,VIRAL RNA,NextSeq 500,SINGLE,122658,98.53,284.61441995786373,0.9981272781995116,SRS6294249,RNA-Seq of Severe acute respiratory syndrome coronavirus 2,2020,missing,True
SRR11278166,UW_WA,UNIVERSITY OF WASHINGTON,PRJNA610428,RNA-seq,RNA-Seq,VIRAL RNA,NextSeq 500,SINGLE,8213820,98.77,19197.572919105107,1.0,SRS6294248,RNA-Seq of Severe acute respiratory syndrome coronavirus 2,2020,missing,True
SRR11278167,UW_WA,UNIVERSITY OF WASHINGTON,PRJNA610428,RNA-seq,RNA-Seq,VIRAL RNA,NextSeq 500,SINGLE,10124079,98.26,23264.337390897235,1.0,SRS6294247,RNA-Seq of Severe acute respiratory syndrome coronavirus 2,2020,missing,True
SRR11278168,UW_WA,UNIVERSITY OF WASHINGTON,PRJNA610428,RNA-seq,RNA-Seq,VIRAL RNA,NextSeq 500,SINGLE,44159,85.82,80.7024378824867,0.9892318496471926,SRS6294246,RNA-Seq of Severe acute respiratory syndrome coronavirus 2,2020,missing,True
SRR11278090,UW_WA,UNIVERSITY OF WASHINGTON,PRJNA610428,RNA-seq,RNA-Seq,VIRAL RNA,NextSeq 500,SINGLE,24424,98.15,56.40781861351704,0.9791659699695684,SRS6294173,RNA-Seq of Severe acute respiratory syndrome coronavirus 2,2020,missing,True
SRR11278091,UW_WA,UNIVERSITY OF WASHINGTON,PRJNA610428,RNA-seq,RNA-Seq,VIRAL RNA,NextSeq 500,SINGLE,597251,99.06,1430.5167708925526,0.999799351235662,SRS6294172,RNA-Seq of Severe acute respiratory syndrome coronavirus 2,2020,missing,True
SRR11278092,UW_WA,UNIVERSITY OF WASHINGTON,PRJNA610428,RNA-seq,RNA-Seq,VIRAL RNA,NextSeq 500,SINGLE,101360,99.05,242.3710664481825,0.9936126810019059,SRS6294171,RNA-Seq of Severe acute respiratory syndrome coronavirus 2,2020,missing,True
SRR11247075,UW_WA,UNIVERSITY OF WASHINGTON,PRJNA610428,RNA-seq,RNA-Seq,VIRAL RNA,Illumina MiSeq,SINGLE,10454,93.65,24.447179212788008,0.9935123566197372,SRS6266707,RNA-Seq of Severe  acute respiratory syndrome coronavirus 2,01-Mar-2020,"USA, WA",False
SRR11247076,UW_WA,UNIVERSITY OF WASHINGTON,PRJNA610428,RNA-seq,RNA-Seq,VIRAL RNA,Illumina MiSeq,SINGLE,61329,93.69,319.95562318162064,0.9972578002207136,SRS6266706,RNA-Seq of Severe  acute respiratory syndrome coronavirus 2,01-Mar-2020,"USA, WA",True
SRR11247077,UW_WA,UNIVERSITY OF WASHINGTON,PRJNA610428,RNA-seq,RNA-Seq,VIRAL RNA,Illumina MiSeq,SINGLE,643627,97.92,3599.940507641373,1.0,SRS6266705,RNA-Seq of Severe  acute respiratory syndrome coronavirus 2,01-Mar-2020,"USA, WA",True
SRR11247078,UW_WA,UNIVERSITY OF WASHINGTON,PRJNA610428,RNA-seq,RNA-Seq,VIRAL RNA,Illumina MiSeq,SINGLE,1087374,98.12,6083.5717820954405,1.0,SRS6266704,RNA-Seq of Severe  acute respiratory syndrome coronavirus 2,29-Feb-2020,"USA, WA",True
SRR11241254,UW_WA,UNIVERSITY OF WASHINGTON,PRJNA610428,RNA-seq,RNA-Seq,VIRAL RNA,Illumina MiSeq,SINGLE,131947,98.51,681.3459853526402,0.9984616928067418,SRS6262461,RNA-Seq of Severe acute respiratory syndrome coronavirus 2,27-Feb-2020,"Seattle, WA",True
SRR11241255,UW_WA,UNIVERSITY OF WASHINGTON,PRJNA610428,RNA-seq,RNA-Seq,VIRAL RNA,Illumina MiSeq,SINGLE,123353,98.16,683.3364879777947,0.999799351235662,SRS6262460,RNA-Seq of Severe acute respiratory syndrome coronavirus 2,28-Feb-2020,"Seattle, WA",True
SRR11177792,UTP_Nepal,"Universidad Tecnologica de Pereira, Nepal",PRJNA608651,PCR_CUSTOM,RNA-Seq,GENOMIC,Illumina MiSeq,PAIRED,5246584,99.51,51015.20365849581,0.9980603952780658,SRS6213494,RNA-Seq of Severe acute respiratory syndrome coronavirus 2: adult male throat swab,13-Jan-2020,Oro-pharyngeal swab,True
SRR11140744,UW_WI,University of Wisconsin - Madison,PRJNA607948,Mixed,WGS,METAGENOMIC,Illumina MiSeq,PAIRED,502865,98.13,4586.3009397050455,0.9977594221315588,SRS6189924,SARS-CoV-2 veroSTAT-1KO_illumina,2020-02-14,passage,True
SRR11140746,UW_WI,University of Wisconsin - Madison,PRJNA607948,Mixed,WGS,METAGENOMIC,Illumina MiSeq,PAIRED,358251,97.56,3273.301140353811,0.9975253319064976,SRS6189919,SARS-CoV-2 veroE6_illumina,2020-02-14,passage,True
SRR11140748,UW_WI,University of Wisconsin - Madison,PRJNA607948,Mixed,WGS,METAGENOMIC,Illumina MiSeq,PAIRED,420515,97.68,3951.862288064743,0.9976590977493895,SRS6189918,SARS-CoV-2 vero76_illumina,2020-02-14,passage,True
SRR11140750,UW_WI,University of Wisconsin - Madison,PRJNA607948,Mixed,WGS,METAGENOMIC,Illumina MiSeq,PAIRED,17208,84.01,124.30568839246898,0.9973581246028826,SRS6189914,SARS-CoV-2 swab_illumina,2020-02-14,swab,True
SRR11092056,Wuhan_China,"Wuhan Institute of Virology, Chinese Academy of Sciences",PRJNA605983,RNA-seq,RNA-Seq,METAGENOMIC,Illumina MiSeq,PAIRED,5239723,0.0,0.5128916831087182,0.39644851687121696,SRS6151294,RNA-Seq of Homo sapiens: bronchoalveolar lavage fluid,30-Dec-2019,bronchoalveolar lavage fluid,False
SRR11092057,Wuhan_China,"Wuhan Institute of Virology, Chinese Academy of Sciences",PRJNA605983,RNA-seq,RNA-Seq,METAGENOMIC,Illumina MiSeq,PAIRED,5184909,0.03,11.901682105474368,0.9975587733672208,SRS6151292,RNA-Seq of Homo sapiens: bronchoalveolar lavage fluid,30-Dec-2019,bronchoalveolar lavage fluid,False
SRR11092058,Wuhan_China,"Wuhan Institute of Virology, Chinese Academy of Sciences",PRJNA605983,RNA-seq,RNA-Seq,METAGENOMIC,Illumina MiSeq,PAIRED,8267029,0.0,1.4127679497040433,0.7145102498077116,SRS6151291,RNA-Seq of Homo sapiens: bronchoalveolar lavage fluid,30-Dec-2019,bronchoalveolar lavage fluid,False
SRR11092059,Wuhan_China,"Wuhan Institute of Virology, Chinese Academy of Sciences",PRJNA605983,RNA-seq,RNA-Seq,METAGENOMIC,Illumina HiSeq 3000,PAIRED,38464188,0.01,17.779754539678297,0.9978597465137278,SRS6151290,RNA-Seq of Homo sapiens: bronchoalveolar lavage fluid,30-Dec-2019,bronchoalveolar lavage fluid,False
SRR11092060,Wuhan_China,"Wuhan Institute of Virology, Chinese Academy of Sciences",PRJNA605983,RNA-seq,RNA-Seq,METAGENOMIC,Illumina HiSeq 3000,PAIRED,29675834,0.0,8.563187640036118,0.9720429388355684,SRS6151294,RNA-Seq of Homo sapiens: bronchoalveolar lavage fluid,30-Dec-2019,bronchoalveolar lavage fluid,False
SRR11092061,Wuhan_China,"Wuhan Institute of Virology, Chinese Academy of Sciences",PRJNA605983,RNA-seq,RNA-Seq,METAGENOMIC,Illumina HiSeq 3000,PAIRED,9158656,0.0,1.015316189011136,0.5745242952212153,SRS6151293,RNA-Seq of Homo sapiens: bronchoalveolar lavage fluid,30-Dec-2019,bronchoalveolar lavage fluid,False
SRR11092062,Wuhan_China,"Wuhan Institute of Virology, Chinese Academy of Sciences",PRJNA605983,RNA-seq,RNA-Seq,METAGENOMIC,Illumina HiSeq 1000,PAIRED,61304030,0.03,110.23806975888706,0.9985285757281878,SRS6151292,RNA-Seq of Homo sapiens: bronchoalveolar lavage fluid,30-Dec-2019,bronchoalveolar lavage fluid,True
SRR11092063,Wuhan_China,"Wuhan Institute of Virology, Chinese Academy of Sciences",PRJNA605983,RNA-seq,RNA-Seq,METAGENOMIC,Illumina HiSeq 3000,PAIRED,67083195,0.0,8.884526636123466,0.9361268100190616,SRS6151291,RNA-Seq of Homo sapiens: bronchoalveolar lavage fluid,30-Dec-2019,bronchoalveolar lavage fluid,False
SRR11092064,Wuhan_China,"Wuhan Institute of Virology, Chinese Academy of Sciences",PRJNA605983,RNA-seq,RNA-Seq,METAGENOMIC,Illumina MiSeq,PAIRED,3566583,0.01,2.608433936394342,0.83971507875464,SRS6151290,RNA-Seq of Homo sapiens: bronchoalveolar lavage fluid,30-Dec-2019,bronchoalveolar lavage fluid,False
SRR11059940,Beijing_China,"Beijing Institute of Genomics, Chinese Academy of Sciences",PRJNA605907,RNA-seq,RNA-Seq,METATRANSCRIPTOMIC,Illumina HiSeq 2500,PAIRED,2947,81.12,13.941243353509682,0.9845166036852492,SRS6129666,2019 novel coronavirus RNA-seq sequences mapped to reference genome MN908947.3,2019-12-30,bronchoalveolar lavage fluid(BALF),False
SRR11059941,Beijing_China,"Beijing Institute of Genomics, Chinese Academy of Sciences",PRJNA605907,RNA-seq,RNA-Seq,METATRANSCRIPTOMIC,Illumina HiSeq 2500,PAIRED,662,24.85,0.8822526167943016,0.49563588937564795,SRS6129665,2019 novel coronavirus RNA-seq sequences mapped to reference genome MN908947.3,2020-01-01,bronchoalveolar lavage fluid(BALF),False
SRR11059942,Beijing_China,"Beijing Institute of Genomics, Chinese Academy of Sciences",PRJNA605907,RNA-seq,RNA-Seq,METATRANSCRIPTOMIC,Illumina HiSeq 2500,PAIRED,69217,75.91,275.42785004849014,0.8672039594689496,SRS6129664,2019 novel coronavirus RNA-seq sequences mapped to reference genome MN908947.3,2019-12-30,bronchoalveolar lavage fluid(BALF),False
SRR11059943,Beijing_China,"Beijing Institute of Genomics, Chinese Academy of Sciences",PRJNA605907,RNA-seq,RNA-Seq,METATRANSCRIPTOMIC,Illumina HiSeq 2500,PAIRED,7866,49.36,16.006420760458816,0.2990669832458282,SRS6129663,2019 novel coronavirus RNA-seq sequences mapped to reference genome MN908947.3,2019-12-30,bronchoalveolar lavage fluid(BALF),False
SRR11059944,Beijing_China,"Beijing Institute of Genomics, Chinese Academy of Sciences",PRJNA605907,RNA-seq,RNA-Seq,METATRANSCRIPTOMIC,Illumina HiSeq 2500,PAIRED,449654,92.44,2033.2517473163227,0.999966558539277,SRS6129662,2019 novel coronavirus RNA-seq sequences mapped to reference genome MN908947.3,2020-01-01,bronchoalveolar lavage fluid(BALF),True
SRR11059945,Beijing_China,"Beijing Institute of Genomics, Chinese Academy of Sciences",PRJNA605907,RNA-seq,RNA-Seq,METATRANSCRIPTOMIC,Illumina HiSeq 2500,PAIRED,75736,67.51,234.81904825602783,0.8935892719794001,SRS6129661,2019 novel coronavirus RNA-seq sequences mapped to reference genome MN908947.3,2019-12-30,bronchoalveolar lavage fluid(BALF),False
SRR11059946,Beijing_China,"Beijing Institute of Genomics, Chinese Academy of Sciences",PRJNA605907,RNA-seq,RNA-Seq,METATRANSCRIPTOMIC,Illumina HiSeq 2500,PAIRED,2581610,86.73,11047.666254221986,1.0,SRS6129660,2019 novel coronavirus RNA-seq sequences mapped to reference genome MN908947.3,2019-12-30,bronchoalveolar lavage fluid(BALF),True
SRR11059947,Beijing_China,"Beijing Institute of Genomics, Chinese Academy of Sciences",PRJNA605907,RNA-seq,RNA-Seq,METATRANSCRIPTOMIC,Illumina HiSeq 2500,PAIRED,29362226,93.14,66454.4135371033,1.0,SRS6129659,2019 novel coronavirus RNA-seq sequences mapped to reference genome MN908947.3,2019-12-30,bronchoalveolar lavage fluid(BALF),True
